model,n_estimators,learning_rate,num_leaves,max_depth,min_child_samples,feature_fraction,bagging_fraction,bagging_freq,reg_alpha,reg_lambda,accuracy,precision,recall,f1,roc_auc,model_path
native_lgbm_220,220,0.06,127,-1,20,0.75,0.9,1,0.0,0.0,0.8677926125594912,0.8070194384449244,0.8467988668555241,0.8264307437102572,0.944873531490562,models\overfitting_experiment_binary_native\native_lgbm_220.joblib
native_lgbm_224,220,0.06,127,-1,20,0.9,0.75,1,0.0,0.5,0.8672450827612349,0.8062182878117241,0.8462322946175638,0.8257408226448474,0.945068383271421,models\overfitting_experiment_binary_native\native_lgbm_224.joblib
native_lgbm_219,220,0.06,127,-1,20,0.75,0.75,1,0.0,2.0,0.8670344943772902,0.8056514236410699,0.8464589235127479,0.8255511963308836,0.9438187416991927,models\overfitting_experiment_binary_native\native_lgbm_219.joblib
native_lgbm_289,220,0.06,127,12,20,0.75,0.75,1,0.0,0.0,0.8669923767005012,0.8055645422193465,0.8464589235127479,0.8255055807271522,0.9440592633497491,models\overfitting_experiment_binary_native\native_lgbm_289.joblib
native_lgbm_307,220,0.06,127,12,50,0.9,0.75,1,0.0,0.0,0.8665290822558228,0.8042168674698795,0.8471388101983003,0.8251200264886044,0.943835870274023,models\overfitting_experiment_binary_native\native_lgbm_307.joblib
native_lgbm_229,220,0.06,127,-1,50,0.75,0.75,1,0.0,0.0,0.8666975529629786,0.8054835924006909,0.8455524079320114,0.8250317872740339,0.9446746957019432,models\overfitting_experiment_binary_native\native_lgbm_229.joblib
native_lgbm_247,220,0.06,127,-1,100,0.9,0.75,1,0.0,0.0,0.8661079054879333,0.8024426826655239,0.8487252124645892,0.8249352937937111,0.943902094433517,models\overfitting_experiment_binary_native\native_lgbm_247.joblib
native_lgbm_236,220,0.06,127,-1,50,0.9,0.75,1,0.0,0.5,0.8666133176094006,0.8053756476683938,0.8454390934844193,0.8249212228426115,0.9443830693722473,models\overfitting_experiment_binary_native\native_lgbm_236.joblib
native_lgbm_233,220,0.06,127,-1,50,0.75,0.9,1,0.0,0.5,0.8661079054879333,0.8025075010715816,0.8486118980169972,0.8249160103541334,0.9445559502428194,models\overfitting_experiment_binary_native\native_lgbm_233.joblib
native_lgbm_226,220,0.06,127,-1,20,0.9,0.9,1,0.0,0.0,0.8664027292254559,0.8044157242864836,0.8463456090651558,0.8248481501932634,0.9449031893710167,models\overfitting_experiment_binary_native\native_lgbm_226.joblib
native_lgbm_222,220,0.06,127,-1,20,0.75,0.9,1,0.0,2.0,0.8661500231647222,0.803178352840116,0.8475920679886686,0.8247877384496637,0.9442452546062005,models\overfitting_experiment_binary_native\native_lgbm_222.joblib
native_lgbm_217,220,0.06,127,-1,20,0.75,0.75,1,0.0,0.0,0.866318493871878,0.8048333153522494,0.8453257790368272,0.8245827346081575,0.9445480202064012,models\overfitting_experiment_binary_native\native_lgbm_217.joblib
native_lgbm_218,220,0.06,127,-1,20,0.75,0.75,1,0.0,0.5,0.8664869645790338,0.8058409951325041,0.8441926345609065,0.8245711123408965,0.9442953984140687,models\overfitting_experiment_binary_native\native_lgbm_218.joblib
native_lgbm_239,220,0.06,127,-1,50,0.9,0.9,1,0.0,0.5,0.8659815524575665,0.803419722550812,0.84657223796034,0.8244316927830501,0.9448407897070559,models\overfitting_experiment_binary_native\native_lgbm_239.joblib
native_lgbm_235,220,0.06,127,-1,50,0.9,0.75,1,0.0,0.0,0.8660657878111443,0.8039194573059115,0.8460056657223796,0.8244257950530035,0.9446689874429697,models\overfitting_experiment_binary_native\native_lgbm_235.joblib
native_lgbm_221,220,0.06,127,-1,20,0.75,0.9,1,0.0,0.5,0.8660236701343554,0.8039638087031452,0.8457790368271955,0.8243414876580706,0.9445766526511122,models\overfitting_experiment_binary_native\native_lgbm_221.joblib
native_lgbm_242,220,0.06,127,-1,100,0.75,0.75,1,0.0,0.5,0.8658130817504106,0.8028789343645935,0.8469121813031162,0.82430792985552,0.9443059604022292,models\overfitting_experiment_binary_native\native_lgbm_242.joblib
native_lgbm_237,220,0.06,127,-1,50,0.9,0.75,1,0.0,2.0,0.8658551994271996,0.8031606106213718,0.84657223796034,0.8242952501792905,0.9440685378463646,models\overfitting_experiment_binary_native\native_lgbm_237.joblib
native_lgbm_240,220,0.06,127,-1,50,0.9,0.9,1,0.0,2.0,0.8659815524575665,0.8042704626334519,0.845099150141643,0.8241794673444579,0.9442923828734002,models\overfitting_experiment_binary_native\native_lgbm_240.joblib
native_lgbm_299,220,0.06,127,12,20,0.9,0.9,1,0.0,0.5,0.8656446110432549,0.8027941966684579,0.8464589235127479,0.8240485383342526,0.9438068086654636,models\overfitting_experiment_binary_native\native_lgbm_299.joblib
native_lgbm_225,220,0.06,127,-1,20,0.9,0.75,1,0.0,2.0,0.8658130817504106,0.8037926947527206,0.8453257790368272,0.8240362310836187,0.9445802644636762,models\overfitting_experiment_binary_native\native_lgbm_225.joblib
native_lgbm_241,220,0.06,127,-1,100,0.75,0.75,1,0.0,0.0,0.8654761403360991,0.8020598648213711,0.8471388101983003,0.8239832469965833,0.9440199587774831,models\overfitting_experiment_binary_native\native_lgbm_241.joblib
native_lgbm_238,220,0.06,127,-1,50,0.9,0.9,1,0.0,0.0,0.8656867287200438,0.8035983624218919,0.8452124645892352,0.8238802672999392,0.9448580056338199,models\overfitting_experiment_binary_native\native_lgbm_238.joblib
native_lgbm_248,220,0.06,127,-1,100,0.9,0.75,1,0.0,0.5,0.8654340226593101,0.8022331973373417,0.846685552407932,0.8238601907492143,0.9438366792288875,models\overfitting_experiment_binary_native\native_lgbm_248.joblib
native_lgbm_234,220,0.06,127,-1,50,0.75,0.9,1,0.0,2.0,0.8651813165985764,0.8010062085206594,0.8479320113314448,0.8238013981394837,0.9444371781983246,models\overfitting_experiment_binary_native\native_lgbm_234.joblib
native_lgbm_296,220,0.06,127,12,20,0.9,0.75,1,0.0,0.5,0.8657709640736218,0.804361908874973,0.8441926345609065,0.8237960966439984,0.9435775971913695,models\overfitting_experiment_binary_native\native_lgbm_296.joblib
native_lgbm_245,220,0.06,127,-1,100,0.75,0.9,1,0.0,0.5,0.8651391989217875,0.8009849052563965,0.8478186968838527,0.823736650886271,0.9442732186187228,models\overfitting_experiment_binary_native\native_lgbm_245.joblib
native_lgbm_298,220,0.06,127,12,20,0.9,0.9,1,0.0,0.0,0.8654340226593101,0.802753280275328,0.8457790368271955,0.8237046846548585,0.9438668536251242,models\overfitting_experiment_binary_native\native_lgbm_298.joblib
native_lgbm_228,220,0.06,127,-1,20,0.9,0.9,1,0.0,2.0,0.8654761403360991,0.8034925083539938,0.8446458923512747,0.8235554082421832,0.9442992153137815,models\overfitting_experiment_binary_native\native_lgbm_228.joblib
native_lgbm_301,220,0.06,127,12,50,0.75,0.75,1,0.0,0.0,0.8651813165985764,0.8019111015675328,0.8463456090651558,0.8235294117647058,0.9433476641143446,models\overfitting_experiment_binary_native\native_lgbm_301.joblib
native_lgbm_297,220,0.06,127,12,20,0.9,0.75,1,0.0,2.0,0.8650970812449985,0.8017389437526835,0.8463456090651558,0.8234386197012292,0.943409820712055,models\overfitting_experiment_binary_native\native_lgbm_297.joblib
native_lgbm_250,220,0.06,127,-1,100,0.9,0.9,1,0.0,0.0,0.8649707282146317,0.8011576803515918,0.8469121813031162,0.8233998016965958,0.9443997763790497,models\overfitting_experiment_binary_native\native_lgbm_250.joblib
native_lgbm_292,220,0.06,127,12,20,0.75,0.9,1,0.0,0.0,0.8653919049825212,0.8035810592169129,0.8441926345609065,0.8233863837312113,0.9437169615047625,models\overfitting_experiment_binary_native\native_lgbm_292.joblib
native_lgbm_305,220,0.06,127,12,50,0.75,0.9,1,0.0,0.5,0.8650128458914206,0.8015668598411676,0.8463456090651558,0.8233478476547429,0.9433535926521072,models\overfitting_experiment_binary_native\native_lgbm_305.joblib
native_lgbm_231,220,0.06,127,-1,50,0.75,0.75,1,0.0,2.0,0.8653076696289432,0.803276921418562,0.8444192634560906,0.8233344381836262,0.9438477995098418,models\overfitting_experiment_binary_native\native_lgbm_231.joblib
native_lgbm_309,220,0.06,127,12,50,0.9,0.75,1,0.0,2.0,0.8649707282146317,0.8014808455842901,0.8463456090651558,0.8233024691358025,0.9433074480436395,models\overfitting_experiment_binary_native\native_lgbm_309.joblib
native_lgbm_223,220,0.06,127,-1,20,0.9,0.75,1,0.0,0.0,0.8651391989217875,0.8026046711871704,0.844985835694051,0.8232501655994701,0.9449642217873192,models\overfitting_experiment_binary_native\native_lgbm_223.joblib
native_lgbm_251,220,0.06,127,-1,100,0.9,0.9,1,0.0,0.5,0.8650549635682095,0.802236799655877,0.8453257790368272,0.8232178327080115,0.9441965008334513,models\overfitting_experiment_binary_native\native_lgbm_251.joblib
native_lgbm_230,220,0.06,127,-1,50,0.75,0.75,1,0.0,0.5,0.8651813165985764,0.8029519500107736,0.8445325779036827,0.8232175401778318,0.9442150080496706,models\overfitting_experiment_binary_native\native_lgbm_230.joblib
native_lgbm_252,220,0.06,127,-1,100,0.9,0.9,1,0.0,2.0,0.8649286105378428,0.8016537800687286,0.8458923512747876,0.8231791365716491,0.9440596545344959,models\overfitting_experiment_binary_native\native_lgbm_252.joblib
native_lgbm_302,220,0.06,127,12,50,0.75,0.75,1,0.0,0.5,0.8649286105378428,0.8016537800687286,0.8458923512747876,0.8231791365716491,0.9434687566819483,models\overfitting_experiment_binary_native\native_lgbm_302.joblib
native_lgbm_303,220,0.06,127,12,50,0.75,0.75,1,0.0,2.0,0.8648864928610538,0.8015677010630302,0.8458923512747876,0.823133752343147,0.9431226113518776,models\overfitting_experiment_binary_native\native_lgbm_303.joblib
native_lgbm_310,220,0.06,127,12,50,0.9,0.9,1,0.0,0.0,0.8648443751842648,0.8015463917525774,0.8457790368271955,0.8230688647516127,0.9436301146930889,models\overfitting_experiment_binary_native\native_lgbm_310.joblib
native_lgbm_243,220,0.06,127,-1,100,0.75,0.75,1,0.0,2.0,0.8648864928610538,0.8018918628399441,0.8453257790368272,0.8230361871138571,0.9434177583442933,models\overfitting_experiment_binary_native\native_lgbm_243.joblib
native_lgbm_244,220,0.06,127,-1,100,0.75,0.9,1,0.0,0.0,0.8648022575074759,0.801525077864891,0.8456657223796034,0.8230039700044112,0.9442410351280103,models\overfitting_experiment_binary_native\native_lgbm_244.joblib
native_lgbm_232,220,0.06,127,-1,50,0.75,0.9,1,0.0,0.0,0.8647601398306869,0.8019578313253012,0.8447592067988668,0.8228022736052094,0.9444598593178117,models\overfitting_experiment_binary_native\native_lgbm_232.joblib
native_lgbm_291,220,0.06,127,12,20,0.75,0.75,1,0.0,2.0,0.8648443751842648,0.8024558380008617,0.8441926345609065,0.8227952951571043,0.9433037868582433,models\overfitting_experiment_binary_native\native_lgbm_291.joblib
native_lgbm_320,220,0.06,127,12,100,0.9,0.75,1,0.0,0.5,0.8645495514467422,0.8008151882441275,0.8460056657223796,0.8227903901256337,0.9430585406074453,models\overfitting_experiment_binary_native\native_lgbm_320.joblib
native_lgbm_249,220,0.06,127,-1,100,0.9,0.75,1,0.0,2.0,0.8647601398306869,0.8020228104153218,0.8446458923512747,0.8227827142778299,0.9439990208987602,models\overfitting_experiment_binary_native\native_lgbm_249.joblib
native_lgbm_304,220,0.06,127,12,50,0.75,0.9,1,0.0,0.0,0.8645495514467422,0.8013323305039218,0.845099150141643,0.8226340172071476,0.9433759129701291,models\overfitting_experiment_binary_native\native_lgbm_304.joblib
native_lgbm_311,220,0.06,127,12,50,0.9,0.9,1,0.0,0.5,0.8645495514467422,0.8013323305039218,0.845099150141643,0.8226340172071476,0.9431612588856856,models\overfitting_experiment_binary_native\native_lgbm_311.joblib
native_lgbm_290,220,0.06,127,12,20,0.75,0.75,1,0.0,0.5,0.8646759044771091,0.8021102497846684,0.8441926345609065,0.8226135924474135,0.9436548808652552,models\overfitting_experiment_binary_native\native_lgbm_290.joblib
native_lgbm_246,220,0.06,127,-1,100,0.75,0.9,1,0.0,2.0,0.8643389630627974,0.8003215434083601,0.8461189801699717,0.8225833103828146,0.9442845060077242,models\overfitting_experiment_binary_native\native_lgbm_246.joblib
native_lgbm_313,220,0.06,127,12,100,0.75,0.75,1,0.0,0.0,0.8642547277092195,0.7999571642750054,0.8464589235127479,0.8225513406375599,0.9432694385587388,models\overfitting_experiment_binary_native\native_lgbm_313.joblib
native_lgbm_227,220,0.06,127,-1,20,0.9,0.9,1,0.0,0.5,0.8645916691235311,0.802067628688348,0.8439660056657223,0.8224835735188559,0.9444002435219996,models\overfitting_experiment_binary_native\native_lgbm_227.joblib
native_lgbm_293,220,0.06,127,12,20,0.75,0.9,1,0.0,0.5,0.8642547277092195,0.8006655216831258,0.8452124645892352,0.8223361446447274,0.9437782597747764,models\overfitting_experiment_binary_native\native_lgbm_293.joblib
native_lgbm_322,220,0.06,127,12,100,0.9,0.9,1,0.0,0.0,0.8640862570020638,0.7998714377544461,0.8460056657223796,0.8222919764304202,0.9432908018033996,models\overfitting_experiment_binary_native\native_lgbm_322.joblib
native_lgbm_295,220,0.06,127,12,20,0.9,0.75,1,0.0,0.0,0.8642547277092195,0.8017018526497199,0.843399433427762,0.822022198906621,0.9437421682345073,models\overfitting_experiment_binary_native\native_lgbm_295.joblib
native_lgbm_314,220,0.06,127,12,100,0.75,0.75,1,0.0,0.5,0.8637914332645411,0.7994643813604714,0.8456657223796034,0.8219162995594713,0.9430931585585716,models\overfitting_experiment_binary_native\native_lgbm_314.joblib
native_lgbm_319,220,0.06,127,12,100,0.9,0.75,1,0.0,0.0,0.8637914332645411,0.7994643813604714,0.8456657223796034,0.8219162995594713,0.9429832736238558,models\overfitting_experiment_binary_native\native_lgbm_319.joblib
native_lgbm_308,220,0.06,127,12,50,0.9,0.75,1,0.0,0.5,0.8640441393252748,0.8010110788426374,0.8438526912181303,0.8218739653459883,0.9435316728616912,models\overfitting_experiment_binary_native\native_lgbm_308.joblib
native_lgbm_318,220,0.06,127,12,100,0.75,0.9,1,0.0,2.0,0.8638335509413301,0.8,0.844872521246459,0.8218241939928355,0.9425930117693438,models\overfitting_experiment_binary_native\native_lgbm_318.joblib
native_lgbm_294,220,0.06,127,12,20,0.75,0.9,1,0.0,2.0,0.8638335509413301,0.8005159071367154,0.8439660056657223,0.8216669424678692,0.9433122941770061,models\overfitting_experiment_binary_native\native_lgbm_294.joblib
native_lgbm_300,220,0.06,127,12,20,0.9,0.9,1,0.0,2.0,0.8640441393252748,0.8017250673854447,0.8426062322946176,0.8216574585635359,0.942939191280606,models\overfitting_experiment_binary_native\native_lgbm_300.joblib
native_lgbm_315,220,0.06,127,12,100,0.75,0.75,1,0.0,2.0,0.8637071979109632,0.7999356015884942,0.8445325779036827,0.8216293683166134,0.9428377528980904,models\overfitting_experiment_binary_native\native_lgbm_315.joblib
native_lgbm_317,220,0.06,127,12,100,0.75,0.9,1,0.0,0.5,0.8632860211430737,0.7986296970345788,0.8453257790368272,0.8213145436529781,0.9429282419056091,models\overfitting_experiment_binary_native\native_lgbm_317.joblib
native_lgbm_321,220,0.06,127,12,100,0.9,0.75,1,0.0,2.0,0.8633702564966517,0.7994420002146153,0.8441926345609065,0.8212081128747796,0.9425102629027352,models\overfitting_experiment_binary_native\native_lgbm_321.joblib
native_lgbm_323,220,0.06,127,12,100,0.9,0.9,1,0.0,0.5,0.863159668112707,0.7987569652807543,0.8446458923512747,0.821060747920912,0.9427993256430716,models\overfitting_experiment_binary_native\native_lgbm_323.joblib
native_lgbm_312,220,0.06,127,12,50,0.9,0.9,1,0.0,2.0,0.8629911974055511,0.7983508245877061,0.8447592067988668,0.8208996311182073,0.9427550230210324,models\overfitting_experiment_binary_native\native_lgbm_312.joblib
native_lgbm_316,220,0.06,127,12,100,0.75,0.9,1,0.0,0.0,0.8626121383144506,0.7966300522555189,0.8464589235127479,0.8207889242940336,0.9434258820741299,models\overfitting_experiment_binary_native\native_lgbm_316.joblib
native_lgbm_306,220,0.06,127,12,50,0.75,0.9,1,0.0,2.0,0.8627806090216064,0.7983706720977597,0.8439660056657223,0.8205354191913627,0.9429886324750942,models\overfitting_experiment_binary_native\native_lgbm_306.joblib
native_lgbm_324,220,0.06,127,12,100,0.9,0.9,1,0.0,2.0,0.8618540201322495,0.7964923537589562,0.8439660056657223,0.8195422535211268,0.9424600393387534,models\overfitting_experiment_binary_native\native_lgbm_324.joblib
native_lgbm_115,220,0.06,63,-1,20,0.9,0.75,1,0.0,0.0,0.8613486080107822,0.7965483974702541,0.8420396600566572,0.818662553707172,0.9405151295448168,models\overfitting_experiment_binary_native\native_lgbm_115.joblib
native_lgbm_260,220,0.06,127,8,20,0.9,0.75,1,0.0,0.5,0.8608010782125258,0.7943058221369161,0.8440793201133144,0.8184365214525078,0.939493187878438,models\overfitting_experiment_binary_native\native_lgbm_260.joblib
native_lgbm_190,220,0.06,63,12,20,0.9,0.9,1,0.0,0.0,0.86063260750537,0.7951626712328768,0.8419263456090652,0.8178766030051187,0.9392351046912927,models\overfitting_experiment_binary_native\native_lgbm_190.joblib
native_lgbm_116,220,0.06,63,-1,20,0.9,0.75,1,0.0,0.5,0.8604220191214252,0.7941082292667307,0.8430594900849858,0.8178520391337804,0.940575922692779,models\overfitting_experiment_binary_native\native_lgbm_116.joblib
native_lgbm_112,220,0.06,63,-1,20,0.75,0.9,1,0.0,0.0,0.8600008423535358,0.7935745543814708,0.8424929178470255,0.8173024073870506,0.9399669012129386,models\overfitting_experiment_binary_native\native_lgbm_112.joblib
native_lgbm_128,220,0.06,63,-1,50,0.9,0.75,1,0.0,0.5,0.8600850777071136,0.7949405080930432,0.8403399433427762,0.8170100253387683,0.9400198972513385,models\overfitting_experiment_binary_native\native_lgbm_128.joblib
native_lgbm_133,220,0.06,63,-1,100,0.75,0.75,1,0.0,0.0,0.8596217832624352,0.7928129665173811,0.8424929178470255,0.8168983134648135,0.940091715732501,models\overfitting_experiment_binary_native\native_lgbm_133.joblib
native_lgbm_181,220,0.06,63,12,20,0.75,0.75,1,0.0,0.0,0.8597902539695911,0.7937152629328773,0.8414730878186969,0.816896760354216,0.9400502881284544,models\overfitting_experiment_binary_native\native_lgbm_181.joblib
native_lgbm_129,220,0.06,63,-1,50,0.9,0.75,1,0.0,2.0,0.8598323716463799,0.7939886618889721,0.8411331444759207,0.8168812589413448,0.9399883707990841,models\overfitting_experiment_binary_native\native_lgbm_129.joblib
native_lgbm_118,220,0.06,63,-1,20,0.9,0.9,1,0.0,0.0,0.8597481362928021,0.793567688855647,0.841586402266289,0.8168719753629564,0.9405117342131318,models\overfitting_experiment_binary_native\native_lgbm_118.joblib
native_lgbm_182,220,0.06,63,12,20,0.75,0.75,1,0.0,0.5,0.8595796655856462,0.7932286660258464,0.841586402266289,0.8166923246096327,0.9396061567162053,models\overfitting_experiment_binary_native\native_lgbm_182.joblib
native_lgbm_109,220,0.06,63,-1,20,0.75,0.75,1,0.0,0.0,0.8598323716463799,0.7946821057145921,0.839886685552408,0.8166593212869105,0.9401583120871908,models\overfitting_experiment_binary_native\native_lgbm_109.joblib
native_lgbm_142,220,0.06,63,-1,100,0.9,0.9,1,0.0,0.0,0.8594111948784905,0.7924528301886793,0.8423796033994334,0.816653850378996,0.9399353139941216,models\overfitting_experiment_binary_native\native_lgbm_142.joblib
native_lgbm_202,220,0.06,63,12,50,0.9,0.9,1,0.0,0.0,0.8596639009392242,0.793900481540931,0.8406798866855524,0.8166208035222895,0.9398201005914486,models\overfitting_experiment_binary_native\native_lgbm_202.joblib
native_lgbm_141,220,0.06,63,-1,100,0.9,0.75,1,0.0,2.0,0.8593269595249126,0.7921593693405774,0.8426062322946176,0.8166044366351856,0.9398846992453932,models\overfitting_experiment_binary_native\native_lgbm_141.joblib
native_lgbm_134,220,0.06,63,-1,100,0.75,0.75,1,0.0,0.5,0.8594533125552795,0.7930371636052969,0.8414730878186969,0.8165374677002584,0.9398951169129675,models\overfitting_experiment_binary_native\native_lgbm_134.joblib
native_lgbm_199,220,0.06,63,12,50,0.9,0.75,1,0.0,0.0,0.8592427241713347,0.7919284421254392,0.8427195467422096,0.8165349143610013,0.9399396398137961,models\overfitting_experiment_binary_native\native_lgbm_199.joblib
native_lgbm_110,220,0.06,63,-1,20,0.75,0.75,1,0.0,0.5,0.8596639009392242,0.7944045449673063,0.8397733711048159,0.8164591825493004,0.9399069967759541,models\overfitting_experiment_binary_native\native_lgbm_110.joblib
native_lgbm_253,220,0.06,127,8,20,0.75,0.75,1,0.0,0.0,0.8592848418481237,0.7925112011947941,0.8418130311614731,0.8164184845321172,0.9395460965649042,models\overfitting_experiment_binary_native\native_lgbm_253.joblib
native_lgbm_127,220,0.06,63,-1,50,0.9,0.75,1,0.0,0.0,0.8594533125552795,0.793475935828877,0.8406798866855524,0.8163961485557084,0.9405475219205879,models\overfitting_experiment_binary_native\native_lgbm_127.joblib
native_lgbm_113,220,0.06,63,-1,20,0.75,0.9,1,0.0,0.5,0.8593690772017015,0.7931808465156049,0.8409065155807366,0.8163467356031021,0.9400548760039301,models\overfitting_experiment_binary_native\native_lgbm_113.joblib
native_lgbm_130,220,0.06,63,-1,50,0.9,0.9,1,0.0,0.0,0.8594954302320684,0.7939380957480989,0.84,0.8163197885695408,0.9400265549878523,models\overfitting_experiment_binary_native\native_lgbm_130.joblib
native_lgbm_123,220,0.06,63,-1,50,0.75,0.75,1,0.0,2.0,0.85903213578739,0.7916311754684838,0.8424929178470255,0.8162705165504748,0.939808949927213,models\overfitting_experiment_binary_native\native_lgbm_123.joblib
native_lgbm_136,220,0.06,63,-1,100,0.75,0.9,1,0.0,0.0,0.85903213578739,0.7916932907348243,0.8423796033994334,0.8162503431237991,0.9395821767114428,models\overfitting_experiment_binary_native\native_lgbm_136.joblib
native_lgbm_197,220,0.06,63,12,50,0.75,0.9,1,0.0,0.5,0.8589479004338121,0.7913385826771654,0.8427195467422096,0.8162212588487077,0.9397250426980049,models\overfitting_experiment_binary_native\native_lgbm_197.joblib
native_lgbm_185,220,0.06,63,12,20,0.75,0.9,1,0.0,0.5,0.85903213578739,0.7918797953964194,0.8420396600566572,0.8161897962545994,0.9395962479685928,models\overfitting_experiment_binary_native\native_lgbm_185.joblib
native_lgbm_132,220,0.06,63,-1,50,0.9,0.9,1,0.0,2.0,0.8590742534641789,0.792275685479569,0.8414730878186969,0.8161336410594571,0.9399442314871819,models\overfitting_experiment_binary_native\native_lgbm_132.joblib
native_lgbm_124,220,0.06,63,-1,50,0.75,0.9,1,0.0,0.0,0.8589479004338121,0.7917110590240785,0.8420396600566572,0.8161001592444127,0.9398616839098117,models\overfitting_experiment_binary_native\native_lgbm_124.joblib
native_lgbm_213,220,0.06,63,12,100,0.9,0.75,1,0.0,2.0,0.8592006064945458,0.7931550802139038,0.8403399433427762,0.8160660247592847,0.9393448718907935,models\overfitting_experiment_binary_native\native_lgbm_213.joblib
native_lgbm_121,220,0.06,63,-1,50,0.75,0.75,1,0.0,0.0,0.8591163711409678,0.793173550181896,0.84,0.8159154697044741,0.9402775208913543,models\overfitting_experiment_binary_native\native_lgbm_121.joblib
native_lgbm_212,220,0.06,63,12,100,0.9,0.75,1,0.0,0.5,0.8586951943730784,0.7910193658225154,0.8423796033994334,0.8158920046095594,0.939499002478896,models\overfitting_experiment_binary_native\native_lgbm_212.joblib
native_lgbm_111,220,0.06,63,-1,20,0.75,0.75,1,0.0,2.0,0.8588636650802342,0.7920401195049083,0.8411331444759207,0.8158487662801561,0.9398063369650216,models\overfitting_experiment_binary_native\native_lgbm_111.joblib
native_lgbm_271,220,0.06,127,8,50,0.9,0.75,1,0.0,0.0,0.8589057827570231,0.7923742390259533,0.8406798866855524,0.8158126237079393,0.9391606276730167,models\overfitting_experiment_binary_native\native_lgbm_271.joblib
native_lgbm_184,220,0.06,63,12,20,0.75,0.9,1,0.0,0.0,0.8591163711409678,0.7935504606813799,0.8393201133144476,0.8157938212456634,0.9396322103799163,models\overfitting_experiment_binary_native\native_lgbm_184.joblib
native_lgbm_210,220,0.06,63,12,100,0.75,0.9,1,0.0,2.0,0.8586951943730784,0.7913293566254793,0.8418130311614731,0.8157909185746445,0.9389302882196042,models\overfitting_experiment_binary_native\native_lgbm_210.joblib
native_lgbm_117,220,0.06,63,-1,20,0.9,0.75,1,0.0,2.0,0.8588215474034452,0.7920179276491303,0.8410198300283286,0.8157836887227963,0.93999225985909,models\overfitting_experiment_binary_native\native_lgbm_117.joblib
native_lgbm_272,220,0.06,127,8,50,0.9,0.75,1,0.0,0.5,0.8584003706355557,0.789875835721108,0.843399433427762,0.8157606313020604,0.9393682518257503,models\overfitting_experiment_binary_native\native_lgbm_272.joblib
native_lgbm_196,220,0.06,63,12,50,0.75,0.9,1,0.0,0.0,0.858990018110601,0.7929817053600086,0.839886685552408,0.8157605106757649,0.9399423439258313,models\overfitting_experiment_binary_native\native_lgbm_196.joblib
native_lgbm_187,220,0.06,63,12,20,0.9,0.75,1,0.0,0.0,0.8586951943730784,0.7915778251599147,0.8413597733711048,0.8157099697885196,0.9398929293167142,models\overfitting_experiment_binary_native\native_lgbm_187.joblib
native_lgbm_192,220,0.06,63,12,20,0.9,0.9,1,0.0,2.0,0.8587373120498674,0.7918489277712578,0.8410198300283286,0.815694032311243,0.939214219983312,models\overfitting_experiment_binary_native\native_lgbm_192.joblib
native_lgbm_209,220,0.06,63,12,100,0.75,0.9,1,0.0,0.5,0.8586109590195005,0.7912228376651044,0.841699716713881,0.8156811069016636,0.9390370322826161,models\overfitting_experiment_binary_native\native_lgbm_209.joblib
native_lgbm_265,220,0.06,127,8,50,0.75,0.75,1,0.0,0.0,0.8583582529587668,0.7899766404756848,0.8430594900849858,0.8156553198487091,0.9390815210022533,models\overfitting_experiment_binary_native\native_lgbm_265.joblib
native_lgbm_193,220,0.06,63,12,50,0.75,0.75,1,0.0,0.0,0.8585688413427115,0.7911385664074981,0.841699716713881,0.8156363237070385,0.9397986689844048,models\overfitting_experiment_binary_native\native_lgbm_193.joblib
native_lgbm_208,220,0.06,63,12,100,0.75,0.9,1,0.0,0.0,0.8584424883123447,0.7905146746065504,0.8423796033994334,0.8156234571287508,0.939478060802263,models\overfitting_experiment_binary_native\native_lgbm_208.joblib
native_lgbm_198,220,0.06,63,12,50,0.75,0.9,1,0.0,2.0,0.8583161352819778,0.7899543378995434,0.8429461756373937,0.8155903957899353,0.9393297827937199,models\overfitting_experiment_binary_native\native_lgbm_198.joblib
native_lgbm_263,220,0.06,127,8,20,0.9,0.9,1,0.0,0.5,0.8586530766962894,0.7917422383441801,0.8409065155807366,0.8155841301241895,0.9391255767601319,models\overfitting_experiment_binary_native\native_lgbm_263.joblib
native_lgbm_189,220,0.06,63,12,20,0.9,0.75,1,0.0,2.0,0.8586109590195005,0.791533375986351,0.8411331444759207,0.8155798494753612,0.9394638566182574,models\overfitting_experiment_binary_native\native_lgbm_189.joblib
native_lgbm_188,220,0.06,63,12,20,0.9,0.75,1,0.0,0.5,0.8587794297266563,0.7924951892238614,0.84,0.8155564112437428,0.9398462416070933,models\overfitting_experiment_binary_native\native_lgbm_188.joblib
native_lgbm_200,220,0.06,63,12,50,0.9,0.75,1,0.0,0.5,0.8587794297266563,0.7925577416595381,0.839886685552408,0.8155361170710238,0.9398750525535818,models\overfitting_experiment_binary_native\native_lgbm_200.joblib
native_lgbm_186,220,0.06,63,12,20,0.75,0.9,1,0.0,2.0,0.8583582529587668,0.7903465872847119,0.8423796033994334,0.8155339805825242,0.939237903751082,models\overfitting_experiment_binary_native\native_lgbm_186.joblib
native_lgbm_183,220,0.06,63,12,20,0.75,0.75,1,0.0,2.0,0.8587373120498674,0.7923479747782409,0.8401133144475921,0.8155318446815532,0.9391061124705519,models\overfitting_experiment_binary_native\native_lgbm_183.joblib
native_lgbm_268,220,0.06,127,8,50,0.75,0.9,1,0.0,0.0,0.8584846059891337,0.7910940662618515,0.8414730878186969,0.815506259609049,0.9388274635998796,models\overfitting_experiment_binary_native\native_lgbm_268.joblib
native_lgbm_114,220,0.06,63,-1,20,0.75,0.9,1,0.0,2.0,0.8584003706355557,0.7908635928016186,0.841586402266289,0.8154369784804567,0.9399361799176384,models\overfitting_experiment_binary_native\native_lgbm_114.joblib
native_lgbm_191,220,0.06,63,12,20,0.9,0.9,1,0.0,0.5,0.8584846059891337,0.7913423605928137,0.8410198300283286,0.8154251812788398,0.9395264765610076,models\overfitting_experiment_binary_native\native_lgbm_191.joblib
native_lgbm_207,220,0.06,63,12,100,0.75,0.75,1,0.0,2.0,0.8582318999284,0.7906506229368544,0.8413597733711048,0.8152173913043478,0.9390460485213407,models\overfitting_experiment_binary_native\native_lgbm_207.joblib
native_lgbm_119,220,0.06,63,-1,20,0.9,0.9,1,0.0,0.5,0.8585688413427115,0.7924467743661068,0.8393201133144476,0.8152102135152982,0.9397447576496558,models\overfitting_experiment_binary_native\native_lgbm_119.joblib
native_lgbm_125,220,0.06,63,-1,50,0.75,0.9,1,0.0,0.5,0.8581055468980331,0.7900276419306825,0.8420396600566572,0.81520487082442,0.9400047967605344,models\overfitting_experiment_binary_native\native_lgbm_125.joblib
native_lgbm_138,220,0.06,63,-1,100,0.75,0.9,1,0.0,2.0,0.8580213115444552,0.7896134239592183,0.8424929178470255,0.8151965352776712,0.9397315713055735,models\overfitting_experiment_binary_native\native_lgbm_138.joblib
native_lgbm_140,220,0.06,63,-1,100,0.9,0.75,1,0.0,0.5,0.8584846059891337,0.792089791555318,0.8396600566572238,0.8151815181518152,0.939559856393421,models\overfitting_experiment_binary_native\native_lgbm_140.joblib
native_lgbm_144,220,0.06,63,-1,100,0.9,0.9,1,0.0,2.0,0.858189782251611,0.7906283280085197,0.8412464589235128,0.8151523469667856,0.9398510763467295,models\overfitting_experiment_binary_native\native_lgbm_144.joblib
native_lgbm_201,220,0.06,63,12,50,0.9,0.75,1,0.0,2.0,0.8579370761908773,0.7893228613882403,0.8427195467422096,0.8151476955115909,0.9394298653223078,models\overfitting_experiment_binary_native\native_lgbm_201.joblib
native_lgbm_195,220,0.06,63,12,50,0.75,0.75,1,0.0,2.0,0.8582740176051888,0.7911689419795221,0.8405665722379604,0.8151200483489918,0.9391856596988941,models\overfitting_experiment_binary_native\native_lgbm_195.joblib
native_lgbm_274,220,0.06,127,8,50,0.9,0.9,1,0.0,0.0,0.8579791938676663,0.7898373551610502,0.8419263456090652,0.8150504607283896,0.9389077818039846,models\overfitting_experiment_binary_native\native_lgbm_274.joblib
native_lgbm_131,220,0.06,63,-1,50,0.9,0.9,1,0.0,0.5,0.8582318999284,0.7912709422687013,0.8402266288951842,0.8150142888546933,0.9397950533739305,models\overfitting_experiment_binary_native\native_lgbm_131.joblib
native_lgbm_216,220,0.06,63,12,100,0.9,0.9,1,0.0,2.0,0.8580634292212441,0.7905614147224885,0.8409065155807366,0.8149571710959806,0.9391474413289342,models\overfitting_experiment_binary_native\native_lgbm_216.joblib
native_lgbm_214,220,0.06,63,12,100,0.9,0.9,1,0.0,0.0,0.8583582529587668,0.7922105713674299,0.8389801699716714,0.8149248803037807,0.9392868170360578,models\overfitting_experiment_binary_native\native_lgbm_214.joblib
native_lgbm_135,220,0.06,63,-1,100,0.75,0.75,1,0.0,2.0,0.8580634292212441,0.7906852818927849,0.8406798866855524,0.8149165202108963,0.9396872762793546,models\overfitting_experiment_binary_native\native_lgbm_135.joblib
native_lgbm_205,220,0.06,63,12,100,0.75,0.75,1,0.0,0.0,0.858189782251611,0.7914352840666382,0.8397733711048159,0.8148881191929188,0.93968529377025,models\overfitting_experiment_binary_native\native_lgbm_205.joblib
native_lgbm_269,220,0.06,127,8,50,0.75,0.9,1,0.0,0.5,0.8576001347765657,0.7886532343584305,0.8427195467422096,0.8147904683648316,0.938460331018254,models\overfitting_experiment_binary_native\native_lgbm_269.joblib
native_lgbm_143,220,0.06,63,-1,100,0.9,0.9,1,0.0,0.5,0.8578949585140884,0.7902246832073262,0.8409065155807366,0.81477821695213,0.9396857609132,models\overfitting_experiment_binary_native\native_lgbm_143.joblib
native_lgbm_122,220,0.06,63,-1,50,0.75,0.75,1,0.0,0.5,0.8579370761908773,0.7904944586530265,0.8405665722379604,0.8147619309132846,0.9396880586488479,models\overfitting_experiment_binary_native\native_lgbm_122.joblib
native_lgbm_206,220,0.06,63,12,100,0.75,0.75,1,0.0,0.5,0.8578107231605104,0.7898712629003085,0.8412464589235128,0.8147497805092186,0.9394952653352967,models\overfitting_experiment_binary_native\native_lgbm_206.joblib
native_lgbm_259,220,0.06,127,8,20,0.9,0.75,1,0.0,0.0,0.8578107231605104,0.7901181982749441,0.8407932011331445,0.8146684233640755,0.9393357720980452,models\overfitting_experiment_binary_native\native_lgbm_259.joblib
native_lgbm_256,220,0.06,127,8,20,0.75,0.9,1,0.0,0.0,0.8579370761908773,0.7908043524642628,0.84,0.814660146161877,0.9392883931687749,models\overfitting_experiment_binary_native\native_lgbm_256.joblib
native_lgbm_194,220,0.06,63,12,50,0.75,0.75,1,0.0,0.5,0.8576843701301436,0.7894960663406336,0.8414730878186969,0.8146563545609127,0.939431209782505,models\overfitting_experiment_binary_native\native_lgbm_194.joblib
native_lgbm_211,220,0.06,63,12,100,0.9,0.75,1,0.0,0.0,0.8578949585140884,0.7905960123680563,0.8402266288951842,0.8146561195341683,0.9396266958143611,models\overfitting_experiment_binary_native\native_lgbm_211.joblib
native_lgbm_215,220,0.06,63,12,100,0.9,0.9,1,0.0,0.5,0.8578528408372994,0.7906356655290102,0.84,0.8145706279874733,0.9394564127143397,models\overfitting_experiment_binary_native\native_lgbm_215.joblib
native_lgbm_261,220,0.06,127,8,20,0.9,0.75,1,0.0,2.0,0.8577264878069326,0.7900734902545532,0.8405665722379604,0.8145382672669376,0.9383724283875555,models\overfitting_experiment_binary_native\native_lgbm_261.joblib
native_lgbm_120,220,0.06,63,-1,20,0.9,0.9,1,0.0,2.0,0.8577686054837215,0.7904051172707889,0.8401133144475921,0.8145015105740181,0.9397569071642639,models\overfitting_experiment_binary_native\native_lgbm_120.joblib
native_lgbm_275,220,0.06,127,8,50,0.9,0.9,1,0.0,0.5,0.8572210756854652,0.7876574573938817,0.8431728045325779,0.814470227670753,0.9383620562949031,models\overfitting_experiment_binary_native\native_lgbm_275.joblib
native_lgbm_262,220,0.06,127,8,20,0.9,0.9,1,0.0,0.0,0.85743166406941,0.7888086642599278,0.8418130311614731,0.8144493778435564,0.9387053190111609,models\overfitting_experiment_binary_native\native_lgbm_262.joblib
native_lgbm_204,220,0.06,63,12,50,0.9,0.9,1,0.0,2.0,0.8575580170997767,0.7895520800085115,0.8409065155807366,0.8144205443371378,0.9390242561128314,models\overfitting_experiment_binary_native\native_lgbm_204.joblib
native_lgbm_266,220,0.06,127,8,50,0.75,0.75,1,0.0,0.5,0.8575158994229878,0.7893449595916632,0.8411331444759207,0.8144165889516705,0.9386793602952038,models\overfitting_experiment_binary_native\native_lgbm_266.joblib
native_lgbm_254,220,0.06,127,8,20,0.75,0.75,1,0.0,0.5,0.857389546392621,0.7889703538412496,0.8413597733711048,0.81432331651678,0.9394782355061304,models\overfitting_experiment_binary_native\native_lgbm_254.joblib
native_lgbm_139,220,0.06,63,-1,100,0.9,0.75,1,0.0,0.0,0.8576843701301436,0.7906083244397012,0.8394334277620397,0.814289640010992,0.9401367703407524,models\overfitting_experiment_binary_native\native_lgbm_139.joblib
native_lgbm_163,220,0.06,63,8,50,0.9,0.75,1,0.0,0.0,0.8571789580086763,0.7880619168787107,0.8422662889518414,0.8142630224023663,0.9379582055178318,models\overfitting_experiment_binary_native\native_lgbm_163.joblib
native_lgbm_277,220,0.06,127,8,100,0.75,0.75,1,0.0,0.0,0.8572210756854652,0.7885738557927153,0.8414730878186969,0.8141651134743997,0.9383841943132372,models\overfitting_experiment_binary_native\native_lgbm_277.joblib
native_lgbm_257,220,0.06,127,8,20,0.75,0.9,1,0.0,0.5,0.8576001347765657,0.7906877402819308,0.8389801699716714,0.814118423222827,0.9387754056452897,models\overfitting_experiment_binary_native\native_lgbm_257.joblib
native_lgbm_126,220,0.06,63,-1,50,0.75,0.9,1,0.0,2.0,0.857389546392621,0.7898326761163806,0.8397733711048159,0.8140377855887522,0.9400106683296449,models\overfitting_experiment_binary_native\native_lgbm_126.joblib
native_lgbm_258,220,0.06,127,8,20,0.75,0.9,1,0.0,2.0,0.8571368403318873,0.7885289431757834,0.8412464589235128,0.8140350877192982,0.938345964549547,models\overfitting_experiment_binary_native\native_lgbm_258.joblib
native_lgbm_280,220,0.06,127,8,100,0.75,0.9,1,0.0,0.0,0.8572210756854652,0.7890035095182388,0.8406798866855524,0.8140223831468071,0.9380778890607654,models\overfitting_experiment_binary_native\native_lgbm_280.joblib
native_lgbm_283,220,0.06,127,8,100,0.9,0.75,1,0.0,0.0,0.8571368403318873,0.7886515779407077,0.8410198300283286,0.8139942969949551,0.938576809125011,models\overfitting_experiment_binary_native\native_lgbm_283.joblib
native_lgbm_281,220,0.06,127,8,100,0.75,0.9,1,0.0,0.5,0.8568841342711536,0.7873557132267288,0.8424929178470255,0.8139916794394569,0.938002834760145,models\overfitting_experiment_binary_native\native_lgbm_281.joblib
native_lgbm_137,220,0.06,63,-1,100,0.75,0.9,1,0.0,0.5,0.8571789580086763,0.7889196086771586,0.8406798866855524,0.8139777277963685,0.9395815386625357,models\overfitting_experiment_binary_native\native_lgbm_137.joblib
native_lgbm_175,220,0.06,63,8,100,0.9,0.75,1,0.0,0.0,0.8567156635639979,0.7866582091130141,0.8431728045325779,0.8139356814701378,0.9372417563511501,models\overfitting_experiment_binary_native\native_lgbm_175.joblib
native_lgbm_284,220,0.06,127,8,100,0.9,0.75,1,0.0,0.5,0.8570947226550983,0.7886291179596174,0.8409065155807366,0.8139292569234987,0.9381769499515197,models\overfitting_experiment_binary_native\native_lgbm_284.joblib
native_lgbm_276,220,0.06,127,8,50,0.9,0.9,1,0.0,2.0,0.8568420165943647,0.7876988335100742,0.841699716713881,0.8138044371405094,0.9378590876584251,models\overfitting_experiment_binary_native\native_lgbm_276.joblib
native_lgbm_255,220,0.06,127,8,20,0.75,0.75,1,0.0,2.0,0.8567998989175757,0.7878594927305529,0.8412464589235128,0.8136782113108286,0.9386033869003243,models\overfitting_experiment_binary_native\native_lgbm_255.joblib
native_lgbm_264,220,0.06,127,8,20,0.9,0.9,1,0.0,2.0,0.8570104873015204,0.7892606008949499,0.8394334277620397,0.813574213387513,0.938153554824922,models\overfitting_experiment_binary_native\native_lgbm_264.joblib
native_lgbm_203,220,0.06,63,12,50,0.9,0.9,1,0.0,0.5,0.8570104873015204,0.7906229929351317,0.8369405099150141,0.8131226949964221,0.9391755534599532,models\overfitting_experiment_binary_native\native_lgbm_203.joblib
native_lgbm_267,220,0.06,127,8,50,0.75,0.75,1,0.0,2.0,0.8562944867961083,0.787283727842055,0.8404532577903683,0.8130001096130659,0.9381059556168623,models\overfitting_experiment_binary_native\native_lgbm_267.joblib
native_lgbm_157,220,0.06,63,8,50,0.75,0.75,1,0.0,0.0,0.8560417807353746,0.7864180527598262,0.8411331444759207,0.8128558913710031,0.9375005953224178,models\overfitting_experiment_binary_native\native_lgbm_157.joblib
native_lgbm_178,220,0.06,63,8,100,0.9,0.9,1,0.0,0.0,0.8557890746746409,0.7851937902629633,0.8424929178470255,0.812834809227069,0.9371631813878095,models\overfitting_experiment_binary_native\native_lgbm_178.joblib
native_lgbm_282,220,0.06,127,8,100,0.75,0.9,1,0.0,2.0,0.8562523691193193,0.7876275510204082,0.8396600566572238,0.8128119344046509,0.9374355067380624,models\overfitting_experiment_binary_native\native_lgbm_282.joblib
native_lgbm_160,220,0.06,63,8,50,0.75,0.9,1,0.0,0.0,0.8558733100282189,0.7857822913360838,0.841699716713881,0.8127803917277602,0.9371030566720356,models\overfitting_experiment_binary_native\native_lgbm_160.joblib
native_lgbm_278,220,0.06,127,8,100,0.75,0.75,1,0.0,0.5,0.8559996630585857,0.786456125476897,0.8409065155807366,0.8127703849734407,0.9379012216737619,models\overfitting_experiment_binary_native\native_lgbm_278.joblib
native_lgbm_172,220,0.06,63,8,100,0.75,0.9,1,0.0,0.0,0.8559575453817967,0.7866765673066723,0.8403399433427762,0.8126232741617357,0.9369567725663277,models\overfitting_experiment_binary_native\native_lgbm_172.joblib
native_lgbm_148,220,0.06,63,8,20,0.75,0.9,1,0.0,0.0,0.8559996630585857,0.7870645709430756,0.8397733711048159,0.8125651005975549,0.9371231324251517,models\overfitting_experiment_binary_native\native_lgbm_148.joblib
native_lgbm_287,220,0.06,127,8,100,0.9,0.9,1,0.0,0.5,0.8560417807353746,0.7873923673859892,0.8393201133144476,0.8125274243089075,0.9378115378231975,models\overfitting_experiment_binary_native\native_lgbm_287.joblib
native_lgbm_270,220,0.06,127,8,50,0.75,0.9,1,0.0,2.0,0.8559154277050078,0.7869583687340697,0.8396600566572238,0.8124554574858834,0.9376759828136969,models\overfitting_experiment_binary_native\native_lgbm_270.joblib
native_lgbm_170,220,0.06,63,8,100,0.75,0.75,1,0.0,0.5,0.8555784862906962,0.7856235443574,0.8409065155807366,0.8123255432105523,0.9372066940445349,models\overfitting_experiment_binary_native\native_lgbm_170.joblib
native_lgbm_162,220,0.06,63,8,50,0.75,0.9,1,0.0,2.0,0.8556206039674852,0.7858883356287742,0.8405665722379604,0.8123083661848445,0.9365909008908757,models\overfitting_experiment_binary_native\native_lgbm_162.joblib
native_lgbm_285,220,0.06,127,8,100,0.9,0.75,1,0.0,2.0,0.8558733100282189,0.7872408293460925,0.8389801699716714,0.8122874382885353,0.9377020706585995,models\overfitting_experiment_binary_native\native_lgbm_285.joblib
native_lgbm_279,220,0.06,127,8,100,0.75,0.75,1,0.0,2.0,0.8555363686139072,0.7855403831904308,0.8409065155807366,0.8122810858143608,0.937500150966929,models\overfitting_experiment_binary_native\native_lgbm_279.joblib
native_lgbm_169,220,0.06,63,8,100,0.75,0.75,1,0.0,0.0,0.8557890746746409,0.7868295273499735,0.8394334277620397,0.8122807017543859,0.9374220507423584,models\overfitting_experiment_binary_native\native_lgbm_169.joblib
native_lgbm_167,220,0.06,63,8,50,0.9,0.9,1,0.0,0.5,0.8553257802299625,0.7845828933474129,0.8419263456090652,0.8122437824542225,0.9372363595208102,models\overfitting_experiment_binary_native\native_lgbm_167.joblib
native_lgbm_286,220,0.06,127,8,100,0.9,0.9,1,0.0,0.0,0.8554100155835405,0.7851099830795262,0.8412464589235128,0.8122093977353536,0.9379917638520229,models\overfitting_experiment_binary_native\native_lgbm_286.joblib
native_lgbm_146,220,0.06,63,8,20,0.75,0.75,1,0.0,0.5,0.8554100155835405,0.7853513971210838,0.8407932011331445,0.8121271821813605,0.9374377095259563,models\overfitting_experiment_binary_native\native_lgbm_146.joblib
native_lgbm_166,220,0.06,63,8,50,0.9,0.9,1,0.0,0.0,0.8554521332603293,0.7857975622681505,0.8401133144475921,0.8120481927710843,0.937076870081469,models\overfitting_experiment_binary_native\native_lgbm_166.joblib
native_lgbm_161,220,0.06,63,8,50,0.75,0.9,1,0.0,0.5,0.8554942509371183,0.7860627916843445,0.8397733711048159,0.8120308990302963,0.9366875539065874,models\overfitting_experiment_binary_native\native_lgbm_161.joblib
native_lgbm_145,220,0.06,63,8,20,0.75,0.75,1,0.0,0.0,0.8555784862906962,0.7865944338219673,0.8390934844192635,0.8119962717254235,0.9375490414644437,models\overfitting_experiment_binary_native\native_lgbm_145.joblib
native_lgbm_154,220,0.06,63,8,20,0.9,0.9,1,0.0,0.0,0.8551573095228068,0.7845519864750634,0.8413597733711048,0.8119634753130297,0.9371615179031586,models\overfitting_experiment_binary_native\native_lgbm_154.joblib
native_lgbm_171,220,0.06,63,8,100,0.75,0.75,1,0.0,2.0,0.8553257802299625,0.7856688573245707,0.839886685552408,0.8118735965825072,0.9368319352593042,models\overfitting_experiment_binary_native\native_lgbm_171.joblib
native_lgbm_288,220,0.06,127,8,100,0.9,0.9,1,0.0,2.0,0.8554100155835405,0.7862603525164579,0.8390934844192635,0.811818231650496,0.9373982568351937,models\overfitting_experiment_binary_native\native_lgbm_288.joblib
native_lgbm_151,220,0.06,63,8,20,0.9,0.75,1,0.0,0.0,0.8552836625531736,0.7859492730552903,0.8392067988668556,0.8117053923717668,0.937425860046251,models\overfitting_experiment_binary_native\native_lgbm_151.joblib
native_lgbm_174,220,0.06,63,8,100,0.75,0.9,1,0.0,2.0,0.8552836625531736,0.7861314643729426,0.8388668555240794,0.8116434601469137,0.9362724119426045,models\overfitting_experiment_binary_native\native_lgbm_174.joblib
native_lgbm_168,220,0.06,63,8,50,0.9,0.9,1,0.0,2.0,0.8547361327549172,0.7836041358936484,0.841586402266289,0.8115609462929574,0.9365720708522929,models\overfitting_experiment_binary_native\native_lgbm_168.joblib
native_lgbm_165,220,0.06,63,8,50,0.9,0.75,1,0.0,2.0,0.8549888388156509,0.7848824899428329,0.8401133144475921,0.8115593016255268,0.936986654523482,models\overfitting_experiment_binary_native\native_lgbm_165.joblib
native_lgbm_156,220,0.06,63,8,20,0.9,0.9,1,0.0,2.0,0.8551151918460178,0.7857976860205923,0.8388668555240794,0.8114655266907815,0.936529374746252,models\overfitting_experiment_binary_native\native_lgbm_156.joblib
native_lgbm_155,220,0.06,63,8,20,0.9,0.9,1,0.0,0.5,0.8549467211388619,0.7851011974144325,0.8395467422096318,0.8114116745153871,0.9368257750490215,models\overfitting_experiment_binary_native\native_lgbm_155.joblib
native_lgbm_152,220,0.06,63,8,20,0.9,0.75,1,0.0,0.5,0.8547782504317062,0.7845274632236215,0.84,0.8113166247127066,0.9374659659775613,models\overfitting_experiment_binary_native\native_lgbm_152.joblib
native_lgbm_176,220,0.06,63,8,100,0.9,0.75,1,0.0,0.5,0.8545676620477615,0.7835127717964957,0.8411331444759207,0.8113011639980326,0.9368155966497874,models\overfitting_experiment_binary_native\native_lgbm_176.joblib
native_lgbm_177,220,0.06,63,8,100,0.9,0.75,1,0.0,2.0,0.8547361327549172,0.7843842573000424,0.8401133144475921,0.8112928817639656,0.9363128938670207,models\overfitting_experiment_binary_native\native_lgbm_177.joblib
native_lgbm_164,220,0.06,63,8,50,0.9,0.75,1,0.0,0.5,0.8547361327549172,0.7845046570702794,0.839886685552408,0.8112515733596016,0.9371497291900159,models\overfitting_experiment_binary_native\native_lgbm_164.joblib
native_lgbm_173,220,0.06,63,8,100,0.75,0.9,1,0.0,0.5,0.8546940150781283,0.7843614432335203,0.84,0.8112278397898883,0.9364308189775494,models\overfitting_experiment_binary_native\native_lgbm_173.joblib
native_lgbm_147,220,0.06,63,8,20,0.75,0.75,1,0.0,2.0,0.8549467211388619,0.7857673924588423,0.8383002832861189,0.8111842105263158,0.9369057362495714,models\overfitting_experiment_binary_native\native_lgbm_147.joblib
native_lgbm_158,220,0.06,63,8,50,0.75,0.75,1,0.0,0.5,0.8549467211388619,0.7858281100605545,0.838186968838527,0.8111635047702599,0.9371479821513414,models\overfitting_experiment_binary_native\native_lgbm_158.joblib
native_lgbm_273,220,0.06,127,8,50,0.9,0.75,1,0.0,2.0,0.8549888388156509,0.7861548277328796,0.8377337110481586,0.8111251302869055,0.9379155701783537,models\overfitting_experiment_binary_native\native_lgbm_273.joblib
native_lgbm_150,220,0.06,63,8,20,0.75,0.9,1,0.0,2.0,0.8547782504317062,0.7851309788948987,0.8388668555240794,0.811109893721924,0.936574702804035,models\overfitting_experiment_binary_native\native_lgbm_150.joblib
native_lgbm_149,220,0.06,63,8,20,0.75,0.9,1,0.0,0.5,0.8547782504317062,0.7852519893899205,0.8386402266288951,0.811068493150685,0.9368419161672099,models\overfitting_experiment_binary_native\native_lgbm_149.joblib
native_lgbm_159,220,0.06,63,8,50,0.75,0.75,1,0.0,2.0,0.8546097797245504,0.7852819369225869,0.8379603399433427,0.8107663633373534,0.9367543173693245,models\overfitting_experiment_binary_native\native_lgbm_159.joblib
native_lgbm_179,220,0.06,63,8,100,0.9,0.9,1,0.0,0.5,0.8543991913406056,0.7842618089387842,0.8390934844192635,0.8107516286199157,0.9368433289897902,models\overfitting_experiment_binary_native\native_lgbm_179.joblib
native_lgbm_180,220,0.06,63,8,100,0.9,0.9,1,0.0,2.0,0.8538516615423494,0.7828245484313933,0.8397733711048159,0.810299584517822,0.9361724851283332,models\overfitting_experiment_binary_native\native_lgbm_180.joblib
native_lgbm_153,220,0.06,63,8,20,0.9,0.75,1,0.0,2.0,0.8540622499262941,0.7842596521001273,0.8378470254957507,0.8101681915301594,0.9369937034447424,models\overfitting_experiment_binary_native\native_lgbm_153.joblib
native_lgbm_095,220,0.06,31,12,50,0.9,0.9,1,0.0,0.5,0.8521248367940024,0.7814022452870155,0.8360339943342776,0.8077954781847047,0.9348564219052823,models\overfitting_experiment_binary_native\native_lgbm_095.joblib
native_lgbm_043,220,0.06,31,8,20,0.9,0.75,1,0.0,0.0,0.8517457777029019,0.7799472295514512,0.8373937677053824,0.8076502732240437,0.9339196711617466,models\overfitting_experiment_binary_native\native_lgbm_043.joblib
native_lgbm_082,220,0.06,31,12,20,0.9,0.9,1,0.0,0.0,0.8518300130564798,0.7807639403237753,0.8361473087818697,0.807507113153863,0.9344633192139693,models\overfitting_experiment_binary_native\native_lgbm_082.joblib
native_lgbm_031,220,0.06,31,-1,100,0.9,0.75,1,0.0,0.0,0.851619424672535,0.7798184504960946,0.8371671388101983,0.8074758183507296,0.9347628527926223,models\overfitting_experiment_binary_native\native_lgbm_031.joblib
native_lgbm_029,220,0.06,31,-1,100,0.75,0.9,1,0.0,0.5,0.8518300130564798,0.7810613282491261,0.8355807365439093,0.8074017299901456,0.9345577048773143,models\overfitting_experiment_binary_native\native_lgbm_029.joblib
native_lgbm_028,220,0.06,31,-1,100,0.75,0.9,1,0.0,0.0,0.8519563660868467,0.7817275042444821,0.8347875354107649,0.8073867061208834,0.9345920493789088,models\overfitting_experiment_binary_native\native_lgbm_028.joblib
native_lgbm_050,220,0.06,31,8,50,0.75,0.75,1,0.0,0.5,0.8514088362885903,0.7791126567604595,0.8377337110481586,0.8073604892432019,0.9337915600561636,models\overfitting_experiment_binary_native\native_lgbm_050.joblib
native_lgbm_019,220,0.06,31,-1,50,0.9,0.75,1,0.0,0.0,0.8513246009350124,0.77871354879461,0.838186968838527,0.8073564723859419,0.9349301127561548,models\overfitting_experiment_binary_native\native_lgbm_019.joblib
native_lgbm_079,220,0.06,31,12,20,0.9,0.75,1,0.0,0.0,0.8517457777029019,0.7808364213869773,0.8356940509915014,0.8073344280240832,0.9346019657223417,models\overfitting_experiment_binary_native\native_lgbm_079.joblib
native_lgbm_100,220,0.06,31,12,100,0.75,0.9,1,0.0,0.0,0.851619424672535,0.7810048759804961,0.8349008498583569,0.8070540555342571,0.9341875225738286,models\overfitting_experiment_binary_native\native_lgbm_100.joblib
native_lgbm_032,220,0.06,31,-1,100,0.9,0.75,1,0.0,0.5,0.851703660026113,0.7814689025684568,0.8343342776203966,0.807036773168192,0.9344767828054936,models\overfitting_experiment_binary_native\native_lgbm_032.joblib
native_lgbm_002,220,0.06,31,-1,20,0.75,0.75,1,0.0,0.5,0.8514509539653793,0.7803174603174603,0.8355807365439093,0.8070041039671683,0.9351176877411435,models\overfitting_experiment_binary_native\native_lgbm_002.joblib
native_lgbm_080,220,0.06,31,12,20,0.9,0.75,1,0.0,0.5,0.8511140125510677,0.7787731871838112,0.8372804532577903,0.8069677278436084,0.9344087698303131,models\overfitting_experiment_binary_native\native_lgbm_080.joblib
native_lgbm_023,220,0.06,31,-1,50,0.9,0.9,1,0.0,0.5,0.8514509539653793,0.7804361634554309,0.8353541076487252,0.8069618521153741,0.9346768225316336,models\overfitting_experiment_binary_native\native_lgbm_023.joblib
native_lgbm_001,220,0.06,31,-1,20,0.75,0.75,1,0.0,0.0,0.8513667186118014,0.7800338409475466,0.8358073654390935,0.8069580438706854,0.9345616129268708,models\overfitting_experiment_binary_native\native_lgbm_001.joblib
native_lgbm_016,220,0.06,31,-1,50,0.75,0.9,1,0.0,0.0,0.8514930716421683,0.780756596375967,0.8349008498583569,0.806921476289563,0.9344397455855942,models\overfitting_experiment_binary_native\native_lgbm_016.joblib
native_lgbm_108,220,0.06,31,12,100,0.9,0.9,1,0.0,2.0,0.8512824832582234,0.7798097251585624,0.8359206798866855,0.8068908941755537,0.9343018586592542,models\overfitting_experiment_binary_native\native_lgbm_108.joblib
native_lgbm_053,220,0.06,31,8,50,0.75,0.9,1,0.0,0.5,0.8512824832582234,0.7798097251585624,0.8359206798866855,0.8068908941755537,0.9330407587920669,models\overfitting_experiment_binary_native\native_lgbm_053.joblib
native_lgbm_026,220,0.06,31,-1,100,0.75,0.75,1,0.0,0.5,0.8511982479046456,0.7794086589229144,0.8363739376770538,0.8068871276305002,0.9346102185811236,models\overfitting_experiment_binary_native\native_lgbm_026.joblib
native_lgbm_103,220,0.06,31,12,100,0.9,0.75,1,0.0,0.0,0.8514509539653793,0.7806738715829625,0.8349008498583569,0.8068772928872584,0.9346631120759492,models\overfitting_experiment_binary_native\native_lgbm_103.joblib
native_lgbm_020,220,0.06,31,-1,50,0.9,0.75,1,0.0,0.5,0.8513246009350124,0.7801290868691144,0.8354674220963173,0.8068505143357408,0.9349939176468757,models\overfitting_experiment_binary_native\native_lgbm_020.joblib
native_lgbm_025,220,0.06,31,-1,100,0.75,0.75,1,0.0,0.0,0.8514088362885903,0.780591164318254,0.8349008498583569,0.8068331143232589,0.9347878012644762,models\overfitting_experiment_binary_native\native_lgbm_025.joblib
native_lgbm_039,220,0.06,31,8,20,0.75,0.75,1,0.0,2.0,0.8511140125510677,0.7791851382731687,0.8364872521246459,0.8068200448111918,0.9332393059395135,models\overfitting_experiment_binary_native\native_lgbm_039.joblib
native_lgbm_014,220,0.06,31,-1,50,0.75,0.75,1,0.0,0.5,0.8511982479046456,0.7796448953709575,0.8359206798866855,0.8068026466889047,0.9348407099509424,models\overfitting_experiment_binary_native\native_lgbm_014.joblib
native_lgbm_004,220,0.06,31,-1,20,0.75,0.9,1,0.0,0.0,0.8514088362885903,0.7807101218865925,0.8346742209631728,0.8067907995618839,0.9344854838176745,models\overfitting_experiment_binary_native\native_lgbm_004.joblib
native_lgbm_024,220,0.06,31,-1,50,0.9,0.9,1,0.0,2.0,0.8512824832582234,0.7801058201058201,0.8353541076487252,0.8067852257181942,0.9344447778165587,models\overfitting_experiment_binary_native\native_lgbm_024.joblib
native_lgbm_073,220,0.06,31,12,20,0.75,0.75,1,0.0,0.0,0.8514930716421683,0.7811737238671336,0.8341076487252125,0.8067733450241122,0.934743077074409,models\overfitting_experiment_binary_native\native_lgbm_073.joblib
native_lgbm_018,220,0.06,31,-1,50,0.75,0.9,1,0.0,2.0,0.8512824832582234,0.7801651143099069,0.8352407932011331,0.8067640781480874,0.9343656521562445,models\overfitting_experiment_binary_native\native_lgbm_018.joblib
native_lgbm_000,220,0.06,31,-1,20,0.9,0.9,1,0.0,0.0,0.8512403655814346,0.779964032582249,0.8354674220963173,0.8067622278148594,0.9344771322132283,models\overfitting_experiment_binary_native\native_lgbm_000.joblib
native_lgbm_010,220,0.06,31,-1,20,0.9,0.9,1,0.0,0.0,0.8512403655814346,0.779964032582249,0.8354674220963173,0.8067622278148594,0.9344771322132283,models\overfitting_experiment_binary_native\native_lgbm_010.joblib
native_lgbm_074,220,0.06,31,12,20,0.75,0.75,1,0.0,0.5,0.8509455418439119,0.7786798819063686,0.8368271954674221,0.8067070839477852,0.9346384674369081,models\overfitting_experiment_binary_native\native_lgbm_074.joblib
native_lgbm_013,220,0.06,31,-1,50,0.75,0.75,1,0.0,0.0,0.8511561302278566,0.7797398752247012,0.8355807365439093,0.8066951099442075,0.9346486458361423,models\overfitting_experiment_binary_native\native_lgbm_013.joblib
native_lgbm_097,220,0.06,31,12,100,0.75,0.75,1,0.0,0.0,0.8511982479046456,0.7800592718035563,0.8351274787535411,0.8066546270453675,0.934790961125731,models\overfitting_experiment_binary_native\native_lgbm_097.joblib
native_lgbm_005,220,0.06,31,-1,20,0.75,0.9,1,0.0,0.5,0.8511561302278566,0.779976717112922,0.8351274787535411,0.8066104848418518,0.9343257778974542,models\overfitting_experiment_binary_native\native_lgbm_005.joblib
native_lgbm_072,220,0.06,31,8,100,0.9,0.9,1,0.0,2.0,0.850903424167123,0.7788329640181492,0.8363739376770538,0.8065785160091793,0.9330890378260458,models\overfitting_experiment_binary_native\native_lgbm_072.joblib
native_lgbm_083,220,0.06,31,12,20,0.9,0.9,1,0.0,0.5,0.8511140125510677,0.7798941798941799,0.8351274787535411,0.8065663474692203,0.934482213817025,models\overfitting_experiment_binary_native\native_lgbm_083.joblib
native_lgbm_007,220,0.06,31,-1,20,0.9,0.75,1,0.0,0.0,0.8511561302278566,0.7801546118818172,0.8347875354107649,0.8065469673746442,0.9347475168313883,models\overfitting_experiment_binary_native\native_lgbm_007.joblib
native_lgbm_052,220,0.06,31,8,50,0.75,0.9,1,0.0,0.0,0.850903424167123,0.778950701995144,0.8361473087818697,0.8065362334681386,0.9335555085458676,models\overfitting_experiment_binary_native\native_lgbm_052.joblib
native_lgbm_092,220,0.06,31,12,50,0.9,0.75,1,0.0,0.5,0.8507349534599672,0.7785631395716848,0.8362606232294617,0.8063811188811189,0.9347716487525575,models\overfitting_experiment_binary_native\native_lgbm_092.joblib
native_lgbm_030,220,0.06,31,-1,100,0.75,0.9,1,0.0,2.0,0.8510718948742787,0.7803455952507156,0.8341076487252125,0.8063314711359404,0.9341666492595785,models\overfitting_experiment_binary_native\native_lgbm_030.joblib
native_lgbm_034,220,0.06,31,-1,100,0.9,0.9,1,0.0,0.0,0.8506928357831782,0.7786573780873971,0.8359206798866855,0.8062735668615771,0.9345923152326201,models\overfitting_experiment_binary_native\native_lgbm_034.joblib
native_lgbm_090,220,0.06,31,12,50,0.75,0.9,1,0.0,2.0,0.8510297771974897,0.7803223070398643,0.8339943342776204,0.8062660897190119,0.9340845042606855,models\overfitting_experiment_binary_native\native_lgbm_090.joblib
native_lgbm_036,220,0.06,31,-1,100,0.9,0.9,1,0.0,2.0,0.850819188813545,0.7793169081103944,0.8351274787535411,0.8062575210589651,0.9343756824369822,models\overfitting_experiment_binary_native\native_lgbm_036.joblib
native_lgbm_091,220,0.06,31,12,50,0.9,0.75,1,0.0,0.0,0.8506507181063893,0.7785751978891821,0.8359206798866855,0.8062295081967213,0.9347049726417541,models\overfitting_experiment_binary_native\native_lgbm_091.joblib
native_lgbm_041,220,0.06,31,8,20,0.75,0.9,1,0.0,0.5,0.850819188813545,0.7794942334144535,0.8347875354107649,0.8061939155176188,0.9332311328368452,models\overfitting_experiment_binary_native\native_lgbm_041.joblib
native_lgbm_027,220,0.06,31,-1,100,0.75,0.75,1,0.0,2.0,0.850819188813545,0.7797902764537655,0.8342209631728046,0.8060878134238476,0.9343896017777258,models\overfitting_experiment_binary_native\native_lgbm_027.joblib
native_lgbm_106,220,0.06,31,12,100,0.9,0.9,1,0.0,0.0,0.850861306490334,0.7800508797964808,0.8338810198300284,0.8060682403198423,0.9342871607469274,models\overfitting_experiment_binary_native\native_lgbm_106.joblib
native_lgbm_077,220,0.06,31,12,20,0.75,0.9,1,0.0,0.5,0.850819188813545,0.7798495603347813,0.8341076487252125,0.8060665790626369,0.934144993575835,models\overfitting_experiment_binary_native\native_lgbm_077.joblib
native_lgbm_011,220,0.06,31,-1,20,0.9,0.9,1,0.0,0.5,0.850903424167123,0.7803118701601782,0.8335410764872522,0.8060486522024983,0.9343049159769345,models\overfitting_experiment_binary_native\native_lgbm_011.joblib
native_lgbm_071,220,0.06,31,8,100,0.9,0.9,1,0.0,0.5,0.8503980120456556,0.7779652082235108,0.8361473087818697,0.8060076460950301,0.9331792078091109,models\overfitting_experiment_binary_native\native_lgbm_071.joblib
native_lgbm_055,220,0.06,31,8,50,0.9,0.75,1,0.0,0.0,0.8504401297224445,0.7782232538510234,0.8358073654390935,0.8059880893842539,0.9337847542011531,models\overfitting_experiment_binary_native\native_lgbm_055.joblib
native_lgbm_088,220,0.06,31,12,50,0.75,0.9,1,0.0,0.0,0.850903424167123,0.7805499522242276,0.8330878186968839,0.8059636044727033,0.9342822082720762,models\overfitting_experiment_binary_native\native_lgbm_088.joblib
native_lgbm_066,220,0.06,31,8,100,0.75,0.9,1,0.0,2.0,0.8504401297224445,0.7783407219759342,0.8355807365439093,0.8059456800918083,0.933257699218428,models\overfitting_experiment_binary_native\native_lgbm_066.joblib
native_lgbm_064,220,0.06,31,8,100,0.75,0.9,1,0.0,0.0,0.8503558943688666,0.7779417967102489,0.8360339943342776,0.8059424326833797,0.9333308089890456,models\overfitting_experiment_binary_native\native_lgbm_064.joblib
native_lgbm_099,220,0.06,31,12,100,0.75,0.75,1,0.0,2.0,0.8507349534599672,0.7798029034650843,0.8338810198300284,0.8059358230204797,0.934209577038139,models\overfitting_experiment_binary_native\native_lgbm_099.joblib
native_lgbm_084,220,0.06,31,12,20,0.9,0.9,1,0.0,2.0,0.8506928357831782,0.77960177928405,0.8341076487252125,0.8059341982810533,0.9340376722304785,models\overfitting_experiment_binary_native\native_lgbm_084.joblib
native_lgbm_061,220,0.06,31,8,100,0.75,0.75,1,0.0,0.0,0.8503558943688666,0.77800042185193,0.8359206798866855,0.8059212323155077,0.9337777964297365,models\overfitting_experiment_binary_native\native_lgbm_061.joblib
native_lgbm_035,220,0.06,31,-1,100,0.9,0.9,1,0.0,0.5,0.850819188813545,0.7804437838411721,0.8329745042492918,0.8058539793904845,0.9345474467219667,models\overfitting_experiment_binary_native\native_lgbm_035.joblib
native_lgbm_102,220,0.06,31,12,100,0.75,0.9,1,0.0,2.0,0.850819188813545,0.7804437838411721,0.8329745042492918,0.8058539793904845,0.9337755328752801,models\overfitting_experiment_binary_native\native_lgbm_102.joblib
native_lgbm_056,220,0.06,31,8,50,0.9,0.75,1,0.0,0.5,0.850061070631344,0.7769012306721363,0.8369405099150141,0.8058040584769801,0.9334591821504299,models\overfitting_experiment_binary_native\native_lgbm_056.joblib
native_lgbm_107,220,0.06,31,12,100,0.9,0.9,1,0.0,0.5,0.8503980120456556,0.7785525620707872,0.835014164305949,0.8057955166757791,0.9344695287970842,models\overfitting_experiment_binary_native\native_lgbm_107.joblib
native_lgbm_070,220,0.06,31,8,100,0.9,0.9,1,0.0,0.0,0.8503558943688666,0.7783526927138331,0.8352407932011331,0.805793932768516,0.9331144800262207,models\overfitting_experiment_binary_native\native_lgbm_070.joblib
native_lgbm_096,220,0.06,31,12,50,0.9,0.9,1,0.0,2.0,0.8505243650760224,0.779212531752752,0.8342209631728046,0.8057790182236086,0.934103816633859,models\overfitting_experiment_binary_native\native_lgbm_096.joblib
native_lgbm_049,220,0.06,31,8,50,0.75,0.75,1,0.0,0.0,0.8502716590152887,0.7780122388689596,0.8355807365439093,0.8057695459760695,0.9336192944470376,models\overfitting_experiment_binary_native\native_lgbm_049.joblib
native_lgbm_086,220,0.06,31,12,50,0.75,0.75,1,0.0,0.5,0.8505664827528113,0.7794725135049253,0.8338810198300284,0.8057593342822731,0.934673989290653,models\overfitting_experiment_binary_native\native_lgbm_086.joblib
native_lgbm_012,220,0.06,31,-1,20,0.9,0.9,1,0.0,2.0,0.8505243650760224,0.779271649375397,0.8341076487252125,0.8057577581960483,0.9342777419297258,models\overfitting_experiment_binary_native\native_lgbm_012.joblib
native_lgbm_089,220,0.06,31,12,50,0.75,0.9,1,0.0,0.5,0.850819188813545,0.7807418429163567,0.8324079320113315,0.8057475046616212,0.9342895990052513,models\overfitting_experiment_binary_native\native_lgbm_089.joblib
native_lgbm_078,220,0.06,31,12,20,0.75,0.9,1,0.0,2.0,0.8507349534599672,0.7803376154581165,0.8328611898016998,0.8057443543082657,0.9341342834691782,models\overfitting_experiment_binary_native\native_lgbm_078.joblib
native_lgbm_068,220,0.06,31,8,100,0.9,0.75,1,0.0,0.5,0.8502716590152887,0.7781883445945946,0.8352407932011331,0.8057058534185932,0.933580912766941,models\overfitting_experiment_binary_native\native_lgbm_068.joblib
native_lgbm_042,220,0.06,31,8,20,0.75,0.9,1,0.0,2.0,0.8502716590152887,0.7781883445945946,0.8352407932011331,0.8057058534185932,0.9328805135686037,models\overfitting_experiment_binary_native\native_lgbm_042.joblib
native_lgbm_009,220,0.06,31,-1,20,0.9,0.75,1,0.0,2.0,0.8502295413384998,0.778164924506388,0.8351274787535411,0.8056405771753389,0.934395256865957,models\overfitting_experiment_binary_native\native_lgbm_009.joblib
native_lgbm_038,220,0.06,31,8,20,0.75,0.75,1,0.0,0.5,0.8501031883081329,0.7776254744833404,0.8356940509915014,0.8056147249986345,0.9335722345422208,models\overfitting_experiment_binary_native\native_lgbm_038.joblib
native_lgbm_006,220,0.06,31,-1,20,0.75,0.9,1,0.0,2.0,0.8503558943688666,0.7788827761320355,0.8342209631728046,0.8056026700224326,0.9341747236165827,models\overfitting_experiment_binary_native\native_lgbm_006.joblib
native_lgbm_015,220,0.06,31,-1,50,0.75,0.75,1,0.0,2.0,0.8503137766920776,0.7788593799597926,0.8341076487252125,0.8055373166994966,0.934102760814834,models\overfitting_experiment_binary_native\native_lgbm_015.joblib
native_lgbm_094,220,0.06,31,12,50,0.9,0.9,1,0.0,0.0,0.8502716590152887,0.7787180029617093,0.8342209631728046,0.8055145248645987,0.934280749874574,models\overfitting_experiment_binary_native\native_lgbm_094.joblib
native_lgbm_065,220,0.06,31,8,100,0.75,0.9,1,0.0,0.5,0.8498504822473992,0.7768421052631579,0.8362606232294617,0.8054570259208731,0.9331912357905938,models\overfitting_experiment_binary_native\native_lgbm_065.joblib
native_lgbm_063,220,0.06,31,8,100,0.75,0.75,1,0.0,2.0,0.8496820115402435,0.7761084261399454,0.8370538243626062,0.8054298642533937,0.9331391512506327,models\overfitting_experiment_binary_native\native_lgbm_063.joblib
native_lgbm_085,220,0.06,31,12,50,0.75,0.75,1,0.0,0.0,0.8501453059849219,0.7783532396152627,0.8344475920679887,0.8054249152356995,0.9349219814304981,models\overfitting_experiment_binary_native\native_lgbm_085.joblib
native_lgbm_101,220,0.06,31,12,100,0.75,0.9,1,0.0,0.5,0.8502716590152887,0.7790131300296484,0.8336543909348442,0.8054080683124418,0.9339927353574422,models\overfitting_experiment_binary_native\native_lgbm_101.joblib
native_lgbm_021,220,0.06,31,-1,50,0.9,0.75,1,0.0,2.0,0.8501031883081329,0.7782121724429417,0.8345609065155808,0.8054021543003992,0.9341881986018372,models\overfitting_experiment_binary_native\native_lgbm_021.joblib
native_lgbm_051,220,0.06,31,8,50,0.75,0.75,1,0.0,2.0,0.8497241292170324,0.7764223367336208,0.8366005665722379,0.8053888949492746,0.9331744300381273,models\overfitting_experiment_binary_native\native_lgbm_051.joblib
native_lgbm_033,220,0.06,31,-1,100,0.9,0.75,1,0.0,2.0,0.8498504822473992,0.7770754319426886,0.8358073654390935,0.805372058743244,0.9341144849635039,models\overfitting_experiment_binary_native\native_lgbm_033.joblib
native_lgbm_105,220,0.06,31,12,100,0.9,0.75,1,0.0,2.0,0.850061070631344,0.7781299524564184,0.8345609065155808,0.8053581191908147,0.9341306222837821,models\overfitting_experiment_binary_native\native_lgbm_105.joblib
native_lgbm_054,220,0.06,31,8,50,0.75,0.9,1,0.0,2.0,0.8501453059849219,0.7787067414541221,0.8337677053824363,0.8052971434825436,0.9327119015490537,models\overfitting_experiment_binary_native\native_lgbm_054.joblib
native_lgbm_081,220,0.06,31,12,20,0.9,0.75,1,0.0,2.0,0.8499347176009772,0.7779421085991971,0.8344475920679887,0.8052047455032529,0.9343654584628263,models\overfitting_experiment_binary_native\native_lgbm_081.joblib
native_lgbm_022,220,0.06,31,-1,50,0.9,0.9,1,0.0,0.0,0.8502295413384998,0.779581874137748,0.8324079320113315,0.8051293292415607,0.9345754411177706,models\overfitting_experiment_binary_native\native_lgbm_022.joblib
native_lgbm_067,220,0.06,31,8,100,0.9,0.75,1,0.0,0.0,0.8499768352777661,0.7783772347402941,0.8337677053824363,0.8051209103840683,0.9337737934324258,models\overfitting_experiment_binary_native\native_lgbm_067.joblib
native_lgbm_058,220,0.06,31,8,50,0.9,0.9,1,0.0,0.0,0.8498083645706103,0.7776369971491923,0.8345609065155808,0.805094009619589,0.9333219180813566,models\overfitting_experiment_binary_native\native_lgbm_058.joblib
native_lgbm_104,220,0.06,31,12,100,0.9,0.75,1,0.0,0.5,0.8498925999241882,0.7780949360397506,0.8339943342776204,0.8050754758258587,0.9344972117642546,models\overfitting_experiment_binary_native\native_lgbm_104.joblib
native_lgbm_075,220,0.06,31,12,20,0.75,0.75,1,0.0,2.0,0.8496820115402435,0.7770982707718262,0.8351274787535411,0.8050685455240592,0.9342689497677007,models\overfitting_experiment_binary_native\native_lgbm_075.joblib
native_lgbm_017,220,0.06,31,-1,50,0.75,0.9,1,0.0,0.5,0.850018952954555,0.7787545011650074,0.833201133144476,0.8050583018558055,0.9344435548894865,models\overfitting_experiment_binary_native\native_lgbm_017.joblib
native_lgbm_098,220,0.06,31,12,100,0.75,0.75,1,0.0,0.5,0.8499768352777661,0.7785540383190431,0.8334277620396601,0.8050569176882661,0.9345523688135366,models\overfitting_experiment_binary_native\native_lgbm_098.joblib
native_lgbm_044,220,0.06,31,8,20,0.9,0.75,1,0.0,0.5,0.8496398938634545,0.7769579424475598,0.8352407932011331,0.805045871559633,0.9334722849404885,models\overfitting_experiment_binary_native\native_lgbm_044.joblib
native_lgbm_057,220,0.06,31,8,50,0.9,0.75,1,0.0,2.0,0.8494293054795098,0.7759671993271657,0.8363739376770538,0.8050389922015597,0.933398468758581,models\overfitting_experiment_binary_native\native_lgbm_057.joblib
native_lgbm_076,220,0.06,31,12,20,0.75,0.9,1,0.0,0.0,0.8502295413384998,0.7798788908955699,0.8318413597733711,0.8050224805351464,0.9344941696382149,models\overfitting_experiment_binary_native\native_lgbm_076.joblib
native_lgbm_087,220,0.06,31,12,50,0.75,0.75,1,0.0,2.0,0.850061070631344,0.7792510873024292,0.8324079320113315,0.8049528818759588,0.9342684902205712,models\overfitting_experiment_binary_native\native_lgbm_087.joblib
native_lgbm_037,220,0.06,31,8,20,0.75,0.75,1,0.0,0.0,0.8496820115402435,0.7775079197465681,0.8343342776203966,0.8049193768789287,0.933376991576615,models\overfitting_experiment_binary_native\native_lgbm_037.joblib
native_lgbm_040,220,0.06,31,8,20,0.75,0.9,1,0.0,0.0,0.8498504822473992,0.7783657917019475,0.833314447592068,0.8049034094018497,0.9329833343904184,models\overfitting_experiment_binary_native\native_lgbm_040.joblib
native_lgbm_008,220,0.06,31,-1,20,0.9,0.75,1,0.0,0.5,0.8495977761866655,0.7771681789407048,0.8346742209631728,0.8048953723433317,0.9346532109241568,models\overfitting_experiment_binary_native\native_lgbm_008.joblib
native_lgbm_047,220,0.06,31,8,20,0.9,0.9,1,0.0,0.5,0.8494714231562986,0.7766304920450954,0.8352407932011331,0.8048700589648394,0.9331862339429107,models\overfitting_experiment_binary_native\native_lgbm_047.joblib
native_lgbm_003,220,0.06,31,-1,20,0.75,0.75,1,0.0,2.0,0.8495977761866655,0.7775781910397295,0.8338810198300284,0.804746022199136,0.9345268088781467,models\overfitting_experiment_binary_native\native_lgbm_003.joblib
native_lgbm_048,220,0.06,31,8,20,0.9,0.9,1,0.0,2.0,0.8494293054795098,0.7768403290445054,0.8346742209631728,0.8047195061998142,0.9329425448352789,models\overfitting_experiment_binary_native\native_lgbm_048.joblib
native_lgbm_060,220,0.06,31,8,50,0.9,0.9,1,0.0,2.0,0.8495977761866655,0.7777542820892366,0.8335410764872522,0.8046819449762074,0.9332738973052687,models\overfitting_experiment_binary_native\native_lgbm_060.joblib
native_lgbm_045,220,0.06,31,8,20,0.9,0.75,1,0.0,2.0,0.8493450701259319,0.776618174151381,0.8347875354107649,0.8046529408552237,0.9334367630867438,models\overfitting_experiment_binary_native\native_lgbm_045.joblib
native_lgbm_069,220,0.06,31,8,100,0.9,0.75,1,0.0,2.0,0.8493450701259319,0.7769100886449979,0.8342209631728046,0.8045461996612207,0.9332509959069922,models\overfitting_experiment_binary_native\native_lgbm_069.joblib
native_lgbm_093,220,0.06,31,12,50,0.9,0.75,1,0.0,2.0,0.8491344817419871,0.7766170729133692,0.8339943342776204,0.8042836848431866,0.9343514897492505,models\overfitting_experiment_binary_native\native_lgbm_093.joblib
native_lgbm_062,220,0.06,31,8,100,0.75,0.75,1,0.0,0.5,0.8488817756812534,0.7757186479941034,0.8347875354107649,0.8041698504530073,0.9337292553399567,models\overfitting_experiment_binary_native\native_lgbm_062.joblib
native_lgbm_046,220,0.06,31,8,20,0.9,0.9,1,0.0,0.0,0.8487554226508865,0.7756477775437118,0.8344475920679887,0.8039740160489109,0.9329465402367694,models\overfitting_experiment_binary_native\native_lgbm_046.joblib
native_lgbm_059,220,0.06,31,8,50,0.9,0.9,1,0.0,0.5,0.8474918923472181,0.7736067297581494,0.8336543909348442,0.8025088628306517,0.9331249698540881,models\overfitting_experiment_binary_native\native_lgbm_059.joblib
